name,num,col,col1,col2,wish,day,price,day1,price1,price2,price3,min,brand,category,high/low,W1M0,line,scrap,disrupt,X,event,prm,emb
(W) Nike Dunk High Aluminum,DD1869-107,WHITE/ALUMINUM,white,blue,"5,072",2021.8.17,"129,000",2021.7.24,170000,150000,150750,132700,nike,dunk,high,1.0,nm,0.0,0.0,0.0,0.0,0.0,0.0
(W) Nike Dunk High Black and White,DD1869-103,WHITE/BLACK-UNIVERSITY RED,white,black,"10,000",2021.5.1,"129,000",2021.5.1,299500,315000,350000,214500,nike,dunk,high,1.0,nm,0.0,0.0,0.0,0.0,0.0,0.0
(W) Nike Dunk High Crimson Tint,DD1869-104,SAIL/CRIMSON TINT,white,pink,"1,381",2021.6.4,"129,000",2021.5.22,130000,130000,132500,123000,nike,dunk,high,1.0,nm,0.0,0.0,0.0,0.0,0.0,0.0
(W) Nike Dunk High Dark Sulfur,DD1869-106,WHITE/DARK SULFUR-WHITE,white,yellow,"2,607",2021.4.16,"129,000",2021.4.16,207692,197200,193455,160000,nike,dunk,high,1.0,sp,0.0,0.0,0.0,0.0,0.0,0.0
(W) Nike Dunk High Football Grey,DD1869-102,SAIL/FOOTBALL GREY-PALE IVORY,white,grey,"5,488",2021.1.7,"129,000",2021.1.6,166000,248667,246250,166000,nike,dunk,high,1.0,nm,0.0,0.0,0.0,0.0,0.0,0.0
(W) Nike Dunk High Moon Fossil,DD1869-002,BLACK/MOON FOSSIL-BLACK,black,brown,892,2021.11.26,"129,000",2021.11.16,149000,149000,143000,127000,nike,dunk,high,1.0,nm,0.0,0.0,0.0,0.0,0.0,0.0
(W) Nike Dunk High Orange Blaze,DD1869-100,WHITE/ORANGE BLAZE,white,orange,"2,821",2021.4.3,"129,000",2021.4.2,170600,173923,173923,160818,nike,dunk,high,1.0,nm,0.0,0.0,0.0,0.0,0.0,0.0
(W) Nike Dunk High Sail Gum,DD1869-109,WHITE/SAIL-GUM MEDIUM BROWN,white,ivory,"1,300",2021.10.9,"136,700",2021.11.7,120000,129000,150000,112000,nike,dunk,high,1.0,nm,0.0,0.0,0.0,0.0,0.0,0.0
(W) Nike Dunk High SE First Use Sail University Orange,DH6758-100,WHITE/SAIL-UNIVERSITY ORANGE,white,orange,"1,061",2021.7.14,"139,000",2021.7.14,150000,138000,132000,120000,nike,dunk,high,1.0,se,0.0,0.0,0.0,0.0,0.0,0.0
(W) Nike Dunk High SP Varsity Purple,DC5382-100,WHITE/VARSITY PURPLE,white,purple,"2,977",2020.12.3,"139,000",2020.12.2,187500,198850,193556,176143,nike,dunk,high,1.0,sp,0.0,0.0,0.0,0.0,0.0,0.0
(W) Nike Dunk High Team Red,DD1869-101,SAIL/TEAM RED/PALE IVORY,white,red,"4,019",2021.3.5,"129,000",2021.2.23,300000,300000,300000,213571,nike,dunk,high,1.0,nm,0.0,0.0,0.0,0.0,0.0,0.0
(W) Nike Dunk High Up Black and White,DH3718-104,WHITE/BLACK-DARK SMOKE GREY,white,black,"4,677",2021.10.1,"139,000",2021.10.1,166800,201800,206500,139333,nike,dunk,high,1.0,nm,0.0,0.0,0.0,0.0,0.0,0.0
Nike Dunk High Barely Green,DD1398-300,BARELY GREEN/BLACK-WHITE,green,black,"2,933",2021.3.9,"129,000",2021.3.8,239000,208200,198273,152667,nike,dunk,high,0.0,nm,0.0,0.0,0.0,0.0,0.0,0.0
Nike Dunk High Premium EMB Court Purple,DH0642-001,BLACK/OPTI YELLOW-COURT PURPLE-WHITE,purple,yellow,716,2021.4.29,"139,000",2021.4.28,185000,149818,138667,105000,nike,dunk,high,0.0,nm,0.0,0.0,0.0,0.0,0.0,1.0
Nike Dunk High Retro Black and White,DD1399-103,WHITE/BLACK-UNIVERSITY RED,white,black,"6,899",2021.5.1,"129,000",2021.4.23,300000,300000,300000,269000,nike,dunk,high,0.0,retro,0.0,0.0,0.0,0.0,0.0,0.0
Nike Dunk High Retro Championship Navy,DD1399-104,WHITE/MIDNIGHT NAVY-TOTAL ORANGE,white,navy,"16,000",2021.9.3,"129,000",2021.8.30,193333,182000,176500,165167,nike,dunk,high,0.0,retro,0.0,0.0,0.0,0.0,0.0,0.0
Nike Dunk High Retro Game Royal,DD1399-102,WHITE/GAME ROYAL,white,blue,"7,431",2021.6.11,"129,000",2021.6.9,235000,194154,190241,158000,nike,dunk,high,0.0,retro,0.0,0.0,0.0,1.0,0.0,0.0
Nike Dunk High Retro Orange Blaze,DD1399-101,WHITE/ORANGE BLAZE,white,orange,"8,105",2021.3.5,"129,000",2021.2.25,260000,260000,260000,186700,nike,dunk,high,0.0,retro,0.0,0.0,0.0,0.0,0.0,0.0
Nike Dunk High Retro PRM Dark Curry,DD1401-200,VELVET BROWN/DARK RUSSET-DARK CURRY-SAIL,brown,orange,756,2021.1.28,"139,000",2021.1.27,248000,247667,204667,176000,nike,dunk,high,0.0,retro,0.0,0.0,0.0,0.0,1.0,0.0
Nike Dunk High Retro PRM Light Chocolate,DH5348-100,SAIL/SAIL-KHAKI-LIGHT CHOCOLATE,brown,white,"1,404",2021.7.11,"139,000",2021.7.13,219000,260000,284000,200000,nike,dunk,high,0.0,retro,0.0,0.0,0.0,0.0,1.0,0.0
Nike Dunk High Retro Vast Grey,DD1399-100,WHITE/VAST GREY,white,gray,"8,927",2021.1.7,"129,000",2021.1.7,245308,242444,217565,185000,nike,dunk,high,0.0,retro,0.0,0.0,0.0,0.0,0.0,0.0
Nike Dunk High SE First Use Sail,DH0960-001,SAIL/GREEN,white,green,"1,746",2021.7.30,"139,000",2021.6.24,152000,148500,140000,126000,nike,dunk,high,0.0,se,0.0,0.0,0.0,0.0,0.0,0.0
Nike Dunk High SP Maize & Blue,CZ8149-700,VARSITY MAIZE/MIDNIGHT NAVY-MIDNIGHT NAVY,yellow,navy,"4,200",2020.9.23,"129,000",2020.9.22,300000,267294,281214,214000,nike,dunk,high,0.0,sp,0.0,0.0,0.0,0.0,0.0,0.0
Nike Dunk High SP Pure Platinum,CZ8149-101,WHITE/PURE PLATINUM,white,white,"3,591",2020.11.13,"129,000",2020.11.12,159000,141800,141250,117000,nike,dunk,high,0.0,sp,0.0,0.0,0.0,0.0,0.0,0.0
Nike Dunk High SP Spartan Green,CZ8149-100,WHITE/SPARTAN GREEN,white,green,"5,044",2020.9.23,"129,000",2020.9.22,265000,250640,271280,228615,nike,dunk,high,0.0,sp,0.0,0.0,0.0,0.0,0.0,0.0
Nike Dunk High SP Varsity Maize,CZ8149-002,BLACK/VARSITY MAIZE,black,yellow,"4,494",2020.12.9,"129,000",2020.12.8,200333,190841,180667,151727,nike,dunk,high,0.0,sp,0.0,0.0,0.0,0.0,0.0,0.0
Nike SB Dunk High Pro Baroque Brown,CV1624-200,BAROQUE BROWN,gray,brown,444,2021.1.31,"129,000",2021.1.31,189500,174500,166000,122000,nike,dunk,high,0.0,sb,0.0,0.0,0.0,0.0,0.0,0.0
Nike SB Dunk High Pro Hawaii,CZ2232-300,SAIL/BLUE-GREEN AQUA,blue,orange,472,2021.4.23,"139,000",2021.4.23,331750,329000,303000,255000,nike,dunk,high,0.0,sb,0.0,0.0,0.0,0.0,0.0,0.0
Nike SB Dunk High Pro Invert Celtics,CU7349-001,BLACK/PINK RISE-LUCKY GREEN,black,pink,570,2020.10.1,"139,000",2020.10.7,290000,280000,280000,205000,nike,dunk,high,0.0,sb,0.0,0.0,0.0,0.0,0.0,0.0
Nike SB Dunk High Pro Maize and Black,DB1640-001,VARSITY MAIZE/BLACK,black,yellow,"1,642",2021.7.17,"129,000",2021.7.3,217500,217500,185000,137000,nike,dunk,high,0.0,sb,0.0,0.0,0.0,0.0,0.0,0.0
Nike SB Dunk High Pro Test Pattern,CZ2253-100,BLACK/WHITE/MULTI,multi,black,622,2021.5.2,"139,000",2021.5.2,269600,269600,203875,142500,nike,dunk,high,0.0,sb,0.0,0.0,0.0,0.0,0.0,0.0
Nike SB Dunk High Sail Bright Crimson,CV9499-100,SAIL/BRIGHT CRIMSON,white,red,885,2020.7.4,"129,000",2020.6.1,249000,249000,189000,174000,nike,dunk,high,0.0,sb,0.0,0.0,0.0,0.0,0.0,0.0
Nike x Ambush Dunk High Black,CU7544-001,WHITE/BLACK/SPRUCE AURA,white,black,"7,018",2020.12.11,"219,000",2020.12.9,450000,538600,538091,450000,nike,dunk,high,0.0,nm,0.0,0.0,1.0,0.0,0.0,0.0
Nike x Ambush Dunk High Deep Royal Blue,CU7544-400,DEEP ROYAL BLUE/WHITE-PALE IVORY-BLACK,white,blue,"9,846",2021.5.18,"219,000",2021.5.16,719400,720000,712065,563500,nike,dunk,high,0.0,nm,0.0,0.0,1.0,0.0,0.0,0.0
Nike x Ambush Dunk High Flash Lime,CU7544-300,ATOMIC GREEN/FLASH LIME-BLACK,lime,lime,"2,559",2021.7.30,"219,000",2021.7.28,360000,303500,262282,226000,nike,dunk,high,0.0,nm,0.0,0.0,1.0,0.0,0.0,0.0
Nike x Bodega Dunk High Legend,CZ8125-200,FAUNA BROWN/RUSTIC/VELVET BROWN/MULTI-COLOR,white,brown,"1,209",2020.12.31,"142,200",2021.1.6,450000,396000,396000,356000,nike,dunk,high,0.0,nm,0.0,0.0,1.0,0.0,0.0,0.0
Nike x Concepts SB Dunk High Pro Mallard,DC6887-200,RATTAN/PARACHUTE BEIGE/ORANGE CHALK/BAROQUE BROWN,beige,brown,257,2020.11.26,"139,000",2020.11.22,320000,300000,260000,226333,nike,dunk,high,0.0,sb,0.0,0.0,1.0,0.0,0.0,0.0
Nike x Fragment Dunk High Black,DJ0382-600,WINE/BLACK-WHITE,black,black,"3,503",2021.6.5,"179,000",2021.6.4,287800,259000,263600,185000,nike,dunk,high,0.0,nm,0.0,0.0,1.0,0.0,0.0,0.0
Nike x Gundam SB Dunk High Pro QS Unicorn RX-0,DH7717-100,WHITE/AMARILLO,white,red,832,2021.9.24,"136,700",2021.10.7,670000,670000,670000,300000,nike,dunk,high,0.0,"sb,qs",0.0,0.0,1.0,0.0,0.0,0.0
Nike x Slam Jam Dunk High SP Clear Black,DA1639-101,WHITE/CLEAR/BLACK,white,black,"2,422",2020.10.30,"169,000",2020.10.30,462667,550000,550000,340000,nike,dunk,high,0.0,sp,0.0,0.0,1.0,0.0,0.0,0.0
Nike x Undercover Dunk High 1985 Gym Red,DD9401-600,GYM RED/WHITE-BLACK,red,black,"2,627",2021.7.28,"179,000",2021.7.28,225590,206077,196318,162000,nike,dunk,high,0.0,nm,0.0,0.0,1.0,1.0,0.0,0.0
Nike Air Force 1 '07 First Use Black White, DA8478-001 , BLACK/WHITE/BLACK/SAIL ,black,white,"4,000", 21/08/01 ,"129,000",2021.8.25,110000,110000,110000,110000,nike,Air Force,low,0.0,NM,0.0,0.0,0.0,0.0,0.0,0.0
Nike Air Force 1 '07 Low University Blue,DC2911-400,UNIVERSITY BLUE/WHITE,blue,white,"1,549", 21/11/06 ,"129,000",2021.11.11,133500,133500,128000,125000,nike,Air Force,low,0.0,NM,0.0,0.0,0.0,0.0,0.0,0.0
Nike Air Force 1 '07 LV8 Athletic Club Black Dark Sulfur, DH7568-002 , BLACK/DARK SULFUR-WHITE-BLACK ,white,black,"6,739", 22/01/11 ,"139,000",2022.1.11,200125,196480,197871,194600,nike,Air Force,low,0.0,NM,0.0,0.0,0.0,0.0,0.0,0.0
Nike Air Force 1 '07 LV8 Coffee, DD5227-234 , BEACH/GRAIN/PALE IVORY/MAHOGANY ,beige,ivory,"2,077", 21/02/24 ,"139,000",2021.2.15,149000,158818,167429,149000,nike,Air Force,low,0.0,NM,0.0,0.0,0.0,0.0,0.0,0.0
Nike Air Force 1 '07 LV8 EMB White and Court Purple, DB0264-100 , WHITE/COURT PURPLE/COURT PURPLE ,white,purple,"2,661", 21/09/10 ,"139,000",2021.9.10,143704,143125,140700,129000,nike,Air Force,low,0.0,NM,0.0,0.0,0.0,0.0,0.0,1.0
Nike Air Force 1 '07 LV8 Paisley Swoosh, DJ4631-200 , RATTAN/PALE IVORY/BLACK ,ivory,beige,"9,094", 21/04/23 ,"139,000",2021.4.23,199000,207684,194786,147600,nike,Air Force,low,0.0,NM,0.0,0.0,0.0,0.0,0.0,0.0
Nike Air Force 1 '07 LX Siempre Familia,DO2157-816,SPORT SPICE/GREEN NOISE-BLACK,black,orange,447, 21/10/29 ,"149,000",2021.10.20,214500,214500,214500,120000,nike,Air Force,low,0.0,NM,0.0,0.0,0.0,0.0,0.0,0.0
Nike Air Force 1 '07 PRM Halloween,DC8891-001,BLACK/BLACK-STARFISH-SAIL,black,red,687, 21/10/21 ,"169,000",2021.10.21,177417,175400,166750,139000,nike,Air Force,low,0.0,NM,0.0,0.0,0.0,1.0,1.0,0.0
Nike Air Force 1 '07 QS LBJ, DC8877-200 , CREAM II/BLACK-SAIL-BLACK ,ivory,beige,"1,311", 21/12/06 ,"159,000",2021.12.6,154571,151833,153625,142429,nike,Air Force,low,0.0,QS,0.0,0.0,0.0,0.0,0.0,0.0
Nike Air Force 1 '07 QS Valentine's Day,DD3384-600,TULIP PINK/UNIVERSITY RED/WHITE,white,pink,"7,486", 21/02/06 ,"169,000",2021.2.6,222613,222000,203105,183500,nike,Air Force,low,0.0,QS,0.0,0.0,0.0,1.0,0.0,0.0
Nike Air Force 1 B Silver Snake, DJ6033-001 , BLACK/SILVER/BLACK ,black,gray,"7,611", 21/02/22 ,"169,000",2021.2.6,270000,270000,270000,181111,nike,Air Force,low,0.0,NM,0.0,0.0,0.0,0.0,0.0,0.0
Nike Air Force 1 Low Gore-Tex Olive, DO2760-206 , OLIVE/BLACK ,gray,green,744, 21/12/09 ,"189,000",2021.12.10,202250,195500,195500,172000,nike,Air Force,low,0.0,NM,0.0,0.0,0.0,0.0,0.0,0.0
Nike Air Force 1 Low QS Acorn 2021, DJ6395-100 , UNDERBRUSH/LIGHT BONE/ACORN ,beige,brown,"3,263", 21/04/29 ,"169,000",2021.4.29,168700,163000,161167,132000,nike,Air Force,low,0.0,QS,0.0,0.0,0.0,0.0,0.0,0.0
Nike Air Force 1 Luxe Black, DB4109-001 , BLACK/BLACK-BUCKTAN-GUM YELLOW ,black,black,501, 21/12/01 ,"169,000",2021.11.25,166000,166000,173000,166000,nike,Air Force,low,0.0,NM,0.0,0.0,0.0,0.0,0.0,0.0
Nike Air Force 1 Mid '07 WB Flax, DJ9158-200 , FLAX/WHEAT-GUM LIGHT BROWN ,brown,brown,"2,958", 21/10/02 ,"179,000",2021.10.1,159000,174125,170000,152000,nike,Air Force,mid,0.0,NM,0.0,0.0,0.0,0.0,0.0,0.0
Nike Air Force 1 Mid QS NYC Cool Grey, DH5622-001 , COOL GREY/WHITE/METALLIC SILVER ,gray,gray,"2,267", 21/09/29 ,"179,000",2021.9.26,229000,239000,249000,160000,nike,Air Force,mid,0.0,QS,0.0,0.0,0.0,0.0,0.0,0.0
Nike Air Force 1 Mid QS NYC White Midnight Navy, DH5622-100 , WHITE/WHITE-MIDNIGHT NAVY-GUM YELLOW ,white,white,"2,320", 21/12/03 ,"179,000",2021.10.25,230000,200000,200000,170000,nike,Air Force,mid,0.0,QS,0.0,0.0,0.0,0.0,0.0,0.0
Nike x Peaceminusone Air Force 1 Low Para-Noise, AQ3692-001 , BLACK/WHITE ,black,black,"9,023", 19/11/23 ,"219,000",2020.1.30,536667,536667,536667,536667,nike,Air Force,low,0.0,NM,0.0,0.0,1.0,0.0,0.0,0.0
Nike x Peaceminusone Air Force 1 Low Para-Noise 2,DD3223-100,WHITE/BLACK-WHITE,white,black,"210,000", 20/11/25 ,"219,000",2020.11.11,839333,842000,682833,535415,nike,Air Force,low,0.0,NM,0.0,0.0,1.0,0.0,0.0,0.0
Nike x Supreme Air Force 1 Low Flax, DN1555-200 , FLAX/FLAX-GUM LIGHT BROWN ,brown,brown,"6,299", 21/11/05 ,"178,400",2021.11.15,342500,320833,312000,251267,nike,Air Force,low,0.0,NM,0.0,0.0,1.0,0.0,0.0,0.0
Nike x Supreme Air Force 1 Low White, CU9225-100 , WHITE/WHITE-WHITE ,white,white,"260,000", 20/03/05 ,"114,200",2020.3.17,330000,330000,330000,268667,nike,Air Force,low,0.0,NM,0.0,0.0,1.0,0.0,0.0,0.0
(W) Nike Air Force 1 '07 LV8 Hangul Day, DO2701-715 , BEIGE ,white,yellow,"2,033", 21/10/09 ,"139,000",2021.10.7,170000,179000,155436,118500,nike,Air Force,low,1.0,NM,0.0,0.0,0.0,1.0,,
(W) Nike Air Force 1 '07 LX White Pendant, DD1525-100 , WHITE/WHITE-METALLIC GOLD ,white,white,"1,813", 21/11/04 ,"149,000",2021.11.1,169000,200000,200000,147500,nike,Air Force,low,1.0,NM,0.0,0.0,0.0,0.0,,
(W) Nike Air Force 1 '07 LX Photochromic, DA8301-100 , WHITE/UNIVERSITY BLUE-BLACK-WHITE ,white,pink,"1,436", 21/07/10 ,"149,000",2021.7.8,209000,239000,168129,168129,nike,Air Force,low,1.0,NM,0.0,0.0,0.0,0.0,,
(W) Nike Air Force 1 '07 LV8 Photon Dust Cashmere, DO7195-025 , PHOTON DUST/PALE IVORY/CASHMERE/RATTAN ,ivory,purple,"6,865", 21/09/14 ,"139,000",2021.9.20,142000,142000,142500,133000,nike,Air Force,low,1.0,NM,0.0,0.0,0.0,0.0,,
(W) Nike Air Force 1 Fontanka Pearl White, DA7024-200 , PEARL WHITE/PEARL WHITE/UNIVERSITY RED/PEARL WHITE ,beige,beige,"1,521", 21/10/18 ,"149,000",2021.10.17,219000,151333,154000,143500,nike,Air Force,low,1.0,NM,0.0,0.0,0.0,0.0,,
(W) Nike Air Force 1 '07 LX White University Blue, DA8301-101 , WHITE/WHITE-WHITE-UNIVERSITY BLUE ,white,blue,"1,730", 21/06/09 ,"149,000",2021.7.10,159000,159000,159000,145000,nike,Air Force,low,1.0,NM,0.0,0.0,0.0,0.0,,
(W) Nike Air Force 1 '07 Essential Paisley Swoosh White Black, DH4406-101 , WHITE/BLACK-WHITE-WHITE ,white,black,"7,329", 21/12/17 ,"129,000",2021.12.17,162556,155000,151429,141500,nike,Air Force,low,1.0,NM,0.0,0.0,0.0,0.0,,
(W) Nike Air Force 1 Shadow Barely Green Crimson Tint, CU8591-104 , SAIL/BARELY GREEN/CRIMSON TINT ,white,pink,788, 21/03/15 ,"139,000",2021.3.25,144000,145000,145000,138000,nike,Air Force,low,1.0,NM,0.0,0.0,0.0,0.0,,
(W) Nike Air Force 1 '07 Essential Paisley Swoosh White Malachite, DH4406-102 , WHITE/MALACHITE-WHITE-WHITE ,white,green,"1,719", 21/12/22 ,"129,000",2021.12.23,138750,137500,132500,122167,nike,Air Force,low,1.0,NM,0.0,0.0,0.0,0.0,,
(W) Nike Air Force 1 '07 SE First Use Orange Sail, DA8302-101 , WHITE/ORANGE-SUMMIT WHITE-SAIL ,white,orange,"4,969", 21/06/07 ,"139,000",2021.7.4,136000,136000,136000,135000,nike,Air Force,low,1.0,SE,0.0,0.0,0.0,0.0,,
New Balance 2002R Beige Bone, ML2002RE , BEIGE/BONE/LIGHT ALUMINIUM ,beige,beige,"1,363", 20/09/25 ,"149,000",2020.9.25,155600,148000,148000,130000,New Balance,New Balance,low,0.0,NM,0.0,0.0,0.0,0.0,0.0,0.0
New Balance 2002R Grey, ML2002RC , GREY ,gray,gray,"3,768", 20/09/25 ,"149,000",2020.9.25,166611,160750,156750,151750,New Balance,New Balance,low,0.0,NM,0.0,0.0,0.0,0.0,0.0,0.0
New Balance 2002R T2 Beige, ML2002R2 , BEIGE ,beige,beige,606, 21/02/08 ,"149,000",2021.2.8,160000,152000,152000,126000,New Balance,New Balance,low,0.0,NM,0.0,0.0,0.0,0.0,0.0,0.0
New Balance 2002R T2 Gray, ML2002R0 , GRAY ,gray,gray,"2,145", 21/02/08 ,"149,000",2021.2.8,172071,164364,152133,143571,New Balance,New Balance,low,0.0,NM,0.0,0.0,0.0,0.0,0.0,0.0
New Balance 327 Grey, MS327LAB , GREY/WHITE ,gray,gray,"9,961", 20/05/09 ,"139,000",2020.5.9,411000,411000,411000,326000,New Balance,New Balance,low,0.0,NM,0.0,0.0,0.0,0.0,0.0,0.0
New Balance 327 Navy White Gum, MS327WR , NAVY/WHITE/GUM ,navy,gray,938, 20/08/08 ,"107,300",2020.8.21,170000,160000,160000,136800,New Balance,New Balance,low,0.0,NM,0.0,0.0,0.0,0.0,0.0,0.0
New Balance 327 Timberwolf, MS327HR1 , TIMBERWOLF/GREEN ,beige,gray,"3,682", 21/09/09 ,"109,000",2021.8.10,125000,125000,125000,120000,New Balance,New Balance,low,0.0,NM,0.0,0.0,0.0,0.0,0.0,0.0
New Balance 327 White Silver Gum, MS327STB , WHITE/SILVER/GUM ,white,beige,"3,337", 21/12/31 ,"109,000",2020.10.8,160000,160000,185000,135000,New Balance,New Balance,low,0.0,NM,0.0,0.0,0.0,0.0,0.0,0.0
New Balance 530 Steel Grey, MR530KA , STEEL GREY ,gray,beige,"130,000", 21/01/08 ,"99,000",2021.1.8,94000,88000,89000,82000,New Balance,New Balance,low,0.0,NM,0.0,0.0,0.0,0.0,0.0,0.0
New Balance 725 Grey, ML725P , GREY ,gray,gray,"1,272", 21/12/01 ,"129,000",2021.11.29,139000,139000,139429,130800,New Balance,New Balance,low,0.0,NM,0.0,0.0,0.0,0.0,0.0,0.0
New Balance 878 Gray, CM878MC1 , GRAY ,gray,gray,769, 21/01/01 ,"129,000",2021.9.22,120000,124500,124500,120000,New Balance,New Balance,low,0.0,NM,0.0,0.0,0.0,0.0,0.0,0.0
New Balance 878 Triple Black, CM878XL , BLACK ,black,black,"1,536", 19/08/01 ,"129,000",2020.9.6,129000,119000,119000,99000,New Balance,New Balance,low,0.0,NM,0.0,0.0,0.0,0.0,0.0,0.0
New Balance 990v2 Made in USA Grey 2021,M990GY2,GREY,gray,gray,325, 21/10/23 ,"259,000",2021.10.7,270000,270000,270000,230000,New Balance,New Balance,low,0.0,NM,0.0,0.0,0.0,0.0,0.0,0.0
New Balance 990vs1 Made in USA Grey, M990VS1 , GREY/WHITE/BLACK ,gray,gray,"1,094", 21/07/13 ,"279,000",2021.6.24,300000,300000,310000,290000,New Balance,New Balance,low,0.0,NM,0.0,0.0,0.0,0.0,0.0,0.0
New Balance 991 Made in UK 20th Anniversary Grey, M991ANI , GREY/NAVY/BEIGE ,gray,gray,928, 21/03/19 ,"239,000",2021.3.7,320000,320000,320000,259000,New Balance,New Balance,low,0.0,NM,0.0,0.0,0.0,0.0,0.0,0.0
New Balance 992 Made in USA Grey - D Standard, M992GR , GREY ,gray,gray,"290,000", 20/04/13 ,"259,000",2020.3.23,370000,370000,370000,295000,New Balance,New Balance,low,0.0,NM,0.0,0.0,0.0,0.0,0.0,0.0
New Balance 992 Made in USA Navy, M992GG , NAVY/GREY ,navy,navy,"5,976", 20/07/11 ,"259,000",2020.10.28,380000,380000,380000,289000,New Balance,New Balance,low,0.0,NM,0.0,0.0,0.0,0.0,0.0,0.0
New Balance 992 Made in USA White Navy, M992EC , WHITE/NAVY ,white,navy,"1,885", 21/02/17 ,"208,600",2021.5.17,299000,299000,299000,229000,New Balance,New Balance,low,0.0,NM,0.0,0.0,0.0,0.0,0.0,0.0
New Balance 993 Made in USA Grey - 2E Wide, MR993GL , GREY/WHITE ,gray,gray,"3,059", 18/08/21 ,"184,800",2020.12.3,230000,230000,230000,216000,New Balance,New Balance,low,0.0,NM,0.0,0.0,0.0,0.0,0.0,0.0
New Balance x Aime Leon Dore 993 Made in USA Brown, MR993ALD , BROWN/GREEN ,brown,brown,304, 21/11/08 ,"238,400",2021.11.26,305000,320000,332500,305000,New Balance,New Balance,low,0.0,NM,0.0,0.0,1.0,0.0,0.0,0.0
New Balance x Stone Island x Tokyo Design Studio FuelCell RC Elite v2, MSRCELTD , WHITE/RED ,ivory,white,"2,716", 21/12/03 ,"319,000",2021.10.12,576250,500000,500000,429167,New Balance,New Balance,low,0.0,NM,0.0,0.0,1.0,0.0,0.0,0.0
(W) New Balance 327 Angora, WS327FB , ANGORA/SEA SALT ,beige,beige,"1,030", 21/03/18 ,"135,200",2021.5.2,150000,150000,150000,140000,New Balance,New Balance,low,1.0,NM,0.0,0.0,0.0,0.0,0.0,0.0
(W) New Balance 327 Black, WS327CPA , BLACK/WHITE ,gray,black,"1,342", 20/05/09 ,"129,000",2020.5.12,296000,296000,250000,181000,New Balance,New Balance,low,1.0,NM,0.0,0.0,0.0,0.0,0.0,0.0
(W) New Balance 327 Black Grey, WS327SFC , BLACK/GREY ,gray,black,"1,154", 20/07/11 ,"107,300",2020.7.9,150000,150000,150000,131000,New Balance,New Balance,low,1.0,NM,0.0,0.0,0.0,0.0,0.0,0.0
(W) New Balance 327 Burgundy, WS327KA , GREY/OFF WHITE/BURGUNDY ,ivory,burgundy,"1,696", 20/01/01 ,"178,800",2021.2.12,240000,240000,240000,190000,New Balance,New Balance,low,1.0,NM,0.0,0.0,0.0,0.0,0.0,0.0
(W) New Balance 327 Grey Beige, WS327SFA , GREY/BEIGE ,gray,beige,"1,696", 20/08/08 ,"109,000",2020.8.10,159000,169000,144250,108667,New Balance,New Balance,low,1.0,NM,0.0,0.0,0.0,0.0,0.0,0.0
(W) New Balance 327 Moonbeam Storm Blue, WS327HG1 , MOONBEAM/STORM BLUE ,beige,blue,996, 21/09/17 ,"109,000",2021.8.18,130000,130000,130000,109000,New Balance,New Balance,low,1.0,NM,0.0,0.0,0.0,0.0,0.0,0.0
(W) New Balance 327 Outerspace Light Grey, WS327BA , OUTERSPACE/LIGHT GREY ,gray,beige,371, 20/12/01 ,"109,000",2021.2.9,129000,132000,132000,119000,New Balance,New Balance,low,1.0,NM,0.0,0.0,0.0,0.0,0.0,0.0
(W) New Balance 327 White Moonbeam, WS327SFD , MUNSELL WHITE/MOONBEAM ,white,beige,"110,000", 20/08/08 ,"109,000",2020.8.4,180000,180000,200000,119086,New Balance,New Balance,low,1.0,NM,0.0,0.0,0.0,0.0,0.0,0.0
(W) New Balance 991 Made in UK 20th Anniversary Grey Green, W991ANI , GREY/GREEN ,gray,green,299, 21/03/19 ,"239,000",2021.3.19,266857,262333,242500,230000,New Balance,New Balance,low,1.0,NM,0.0,0.0,0.0,0.0,0.0,0.0
Converse x Off-White Chuck 70 High V2 2021, 163862C , WHITE/BOLD ORANGE-BLACK ,white,white,"4,178",2021.4.16,"180,000",2021.4.17,489500,540000,457000,320000,Converse,Off White,high,0.0,NM,0.0,0.0,1.0,0.0,0.0,0.0
Jordan 2 x Off-White Retro Low SP Black and Varsity Royal, DJ4375-004 , BLACK/VARSITY ROYAL ,black,blue,"1,202",2021.11.12,"299,000",2021.11.12,354611,391857,395000,311000,Jordan,Off White,low,0.0,SP,0.0,0.0,1.0,0.0,0.0,0.0
Jordan 2 x Off-White Retro Low SP White and Varsity Red, DJ4375-106 , WHITE/VARSITY RED ,white,red,"1,774",2021.11.12,"299,000",2021.11.8,890000,890000,890000,636625,Jordan,Off White,low,0.0,SP,0.0,0.0,1.0,0.0,0.0,0.0
Jordan 5 x Off-White Retro SP Sail Fire Red, DH8565-100 , SAIL/FIRE RED/MUSLIN/BLACK ,beige,red,"1,647",2020.10.29,"269,000",2020.10.29,735500,691727,636636,522000,Jordan,Off White,low,0.0,SP,0.0,0.0,1.0,0.0,0.0,0.0
Nike x Off-White Air Rubber Dunk University Blue, CU6015-100 , WHITE/UNIVERSITY BLUE ,gray,blue,"1,623",2020.10.1,"226,500",2020.10.2,640000,640000,640000,390000,nike,Off White,low,0.0,NM,0.0,0.0,1.0,0.0,0.0,0.0
Nike x Off-White Air Rubber Dunk University Gold, CU6015-700 , UNIVERSITY GOLD/UNIVERSITY GOLD-BLACK ,yellow,gold,"2,999",2020.10.1,"229,000",2020.9.30,436500,372958,375200,254250,nike,Off White,low,0.0,NM,0.0,0.0,1.0,0.0,0.0,0.0
Nike x Off-White Air Zoom Tempo Next% Black, CV0697-001 , BLACK/WHITE-SCREAM GREEN ,black,green,"1,626",2021.7.23,"309,000",2021.7.22,432500,473833,470400,312500,nike,Off White,low,0.0,NM,0.0,0.0,1.0,0.0,0.0,0.0
Nike x Off-White Air Zoom Tempo Next% Pink Glow, CV0697-400 , RACER BLUE/BLACK-PINK GLOW-WHITE ,blue,pink,494,2021.7.23,"309,000",2021.7.21,550000,550000,388667,300000,nike,Off White,low,0.0,NM,0.0,0.0,1.0,0.0,0.0,0.0
Nike x Off-White Air Zoom Tempo Next% Solar Red, CV0697-100 , WHITE/BLACK-SOLAR RED ,white,red,813,2021.7.23,"310,000",2021.7.29,585000,585000,580000,389000,nike,Off White,low,0.0,NM,0.0,0.0,1.0,0.0,0.0,0.0
Nike x Off-White Dunk Low The 50 - Lot 1, DM1602-127 , WHITE/METALLIC SILVER-BUTTER ,white,gray,"1,622",2021.8.2,"214,100",2021.8.16,1790000,1790000,1790000,1236667,nike,Off White,low,0.0,NM,0.0,0.0,1.0,0.0,0.0,0.0
Nike x Off-White Dunk Low The 50 - Lot 18, DJ0950-112 , SAIL/NEUTRAL GREY ,white,gray,"9,244",2021.8.9,"219,000",2021.8.9,634423,653947,590842,544750,nike,Off White,low,0.0,NM,0.0,0.0,1.0,0.0,0.0,0.0
Nike x Off-White Dunk Low The 50 - Lot 46, DM1602-102 , SAIL/NEUTRAL GREY ,white,gray,"8,279",2021.8.16,"219,000",2021.8.17,456766,431194,422811,396875,nike,Off White,low,0.0,NM,0.0,0.0,1.0,0.0,0.0,0.0
Nike x Off-White Dunk Low The 50 - Lot 49, DM1602-123 , SAIL/NEUTRAL GREY ,white,gray,"2,023",2021.8.10,"230,200",2021.9.6,650000,660000,660000,560000,nike,Off White,low,0.0,NM,0.0,0.0,1.0,0.0,0.0,0.0
Nike x Off-White Dunk Low The 50 - Lot 50, DM1602-001 , BLACK/METALLIC SILVER-BLACK ,black,black,"1,040",2021.8.2,"214,600",2021.9.3,1600000,1600000,1600000,480500,nike,Off White,low,0.0,NM,0.0,0.0,1.0,0.0,0.0,0.0
(W) Jordan 4 x Off-White Retro SP Sail, CV9388-100 , SAIL/MUSLIN-WHITE-BLACK ,white,lemon,"2,664",2020.7.25,"269,000",2020.7.25,795211,825231,761533,711000,jordan,OffWhite,low,1.0,Retro,0.0,0.0,1.0,0.0,0.0,0.0
(WW)Nike Air Force 1 '07 WB Flax, CJ9179-200 , FLAX/GUM/LIGHT BROWN/BLACK/WHEAT ,brown,brown,"7,872", 19/09/10 ,"169,000",2021.10.26,300000,300000,300000,210000,Nike,AirForce,low,1.0,NM,0.0,0.0,0.0,0.0,0.0,0.0
(WW)Nike Air Force 1 Low Retro SP Wheat Mocha, DC7504-700 , WHEAT/WHEAT-DARK MOCHA ,brown,brown,"1,887", 20/10/08 ,"169,000",2020.10.8,173778,165000,173667,120000,Nike,AirForce,low,1.0,SP,0.0,0.0,1.0,0.0,0.0,0.0
(WW)Nike Dunk High SP Varsity Maize, CZ8149-002 , BLACK/VARSITY MAIZE ,navy,yellow,"4,539", 20/12/09 ,"129,000",2020.12.8,193111,186231,172857,142583,nike,dunk,high,1.0,SP,0.0,0.0,0.0,0.0,0.0,0.0
(WW)Nike Dunk High SP Maize & Blue, CZ8149-700,VARSITY MAIZE/MIDNIGHT NAVY-MIDNIGHT NAVY,yellow,navy,"4,249", 20/09/23,"129,000",2020.9.22,340000,284818,285353,200000,nike,dunk,high,1.0,SP,0.0,0.0,0.0,0.0,0.0,0.0
(WW)Nike Dunk High SP Pure Platinum, CZ8149-101 , WHITE/PURE PLATINUM ,white,white,"3,622", 20/11/13 ,"129,000",2020.11.13,152933,150286,152778,133000,nike,dunk,high,1.0,SP,0.0,0.0,0.0,0.0,0.0,0.0
(WW)Nike x Slam Jam Dunk High SP Clear Black, DA1639-101 , WHITE/CLEAR/BLACK ,white,black,"2,423", 20/10/30 ,"169,000",2020.10.30,390500,390500,440000,320000,nike,dunk,high,1.0,SP,0.0,0.0,1.0,0.0,0.0,0.0
(WW)Nike Dunk High SP Spartan Green, CZ8149-100 , WHITE/SPARTAN GREEN ,white,green,"5,091", 20/09/23 ,"129,000",2020.9.23,287000,289857,279500,240000,nike,dunk,high,1.0,SP,0.0,0.0,0.0,0.0,0.0,0.0
(WW)New Balance 2002R Beige Bone, ML2002RE , BEIGE/BONE/LIGHT ALUMINIUM ,beige,beige,"1,409", 20/09/25 ,"149,000",2020.9.25,170000,170000,170000,145000,NewBalance,NewBalance,low,1.0,NM,0.0,0.0,0.0,0.0,0.0,0.0
(WW)New Balance 2002R Grey, ML2002RC , GREY ,gray,gray,"4,077", 20/09/25 ,"149,000",2020.9.25,204333,204333,149000,147500,NewBalance,NewBalance,low,1.0,NM,0.0,0.0,0.0,0.0,0.0,0.0
(WW)New Balance 327 Black, MS327CPG , BLACK/MUNSELL WHITE ,black,white,"4,701", 20/08/08 ,"109,000",2020.8.8,113081,113429,110143,110143,NewBalance,NewBalance,low,1.0,NM,0.0,0.0,0.0,0.0,0.0,0.0
(WW)New Balance 327 Black Grey, MS327BD , BLACK/GREY/WHITE ,black,gray,630, - ,"109,000",2021.12.21,147000,159000,159000,115000,NewBalance,NewBalance,low,1.0,NM,0.0,0.0,0.0,0.0,0.0,0.0
(WW)New Balance 327 Black Grey Gum, MS327STC , BLACK/GREY/GUM ,gray,black,587, 21/12/31 ,"109,000",2021.12.27,178000,178000,178000,95000,NewBalance,NewBalance,low,1.0,NM,0.0,0.0,0.0,0.0,0.0,0.0
(WW)New Balance 327 Blue, MS327CLB , MARINE BLUE/YELLOW ,blue,yellow,563, 20/06/25 ,"109,000",2020.8.7,135000,110600,108000,100000,NewBalance,NewBalance,low,1.0,NM,0.0,0.0,0.0,0.0,0.0,0.0
(WW)New Balance 327 Moonbeam Ghost Pepper, MS327FA , MOONBEAM/GHOST PEPPER ,ivory,beige,"2,639", 21/01/15 ,"109,000",2021.1.15,120879,121778,126250,99333,NewBalance,NewBalance,low,1.0,NM,0.0,0.0,0.0,0.0,0.0,0.0
(WW)New Balance 327 Navy, MS327CPD , NATURAL INDIGO/MUNSELL WHITE ,navy,white,620, 20/08/08 ,"109,000",2020.8.8,108250,108000,108000,92500,NewBalance,NewBalance,low,1.0,NM,0.0,0.0,0.0,0.0,0.0,0.0
(WW)New Balance 327 Orange, MS327CLA ,VARSITY ORANGE/ASPEN GOLD,orange,orange,"2,284", 20/06/27 ,"109,000",2020.7.4,191000,191000,191000,118500,NewBalance,NewBalance,low,1.0,NM,0.0,0.0,0.0,0.0,0.0,0.0
(WW)New Balance 327 Timberwolf, MS327HR1 , TIMBERWOLF/GREEN ,beige,green,"3,762", 21/09/09 ,"109,000",2021.8.16,140000,140000,140000,100000,NewBalance,NewBalance,low,1.0,NM,0.0,0.0,0.0,0.0,0.0,0.0
(WW)New Balance 327 Unplugged Pack Greige, MS327UP , GREIGE ,beige,beige,199, 21/12/23 ,"129,000",2021.12.24,136000,135500,128000,120000,NewBalance,NewBalance,low,1.0,NM,0.0,0.0,0.0,0.0,0.0,0.0
(WW)New Balance 530 Silver, MR530SC , SILVER/YELLOW ,gray,navy,"4,168", 19/12/02 ,"99,000",2020.4.19,99000,103000,100000,98000,NewBalance,NewBalance,low,1.0,NM,0.0,0.0,0.0,0.0,0.0,0.0
(WW)New Balance 530 Steel Grey, MR530KA , STEEL GREY ,gray,navy,"130,000", 21/01/08 ,"99,000",2021.1.7,99000,98000,98000,89500,NewBalance,NewBalance,low,1.0,NM,0.0,0.0,0.0,0.0,0.0,0.0
(WW)New Balance 530 White, MR530SG , WHITE/SILVER/BLUE ,white,white,"8,376", 19/12/02 ,"99,000",2020.4.20,125000,125000,125000,118500,NewBalance,NewBalance,low,1.0,NM,0.0,0.0,0.0,0.0,0.0,0.0
(WW)New Balance 878 Gray, CM878MC1 , GRAY ,gray,gray,801, 21/01/01 ,"129,000",2021.10.16,128000,128000,128000,126000,NewBalance,NewBalance,low,1.0,NM,0.0,0.0,0.0,0.0,0.0,0.0
(WW)New Balance 992 Made in USA Navy, M992GG , NAVY/GREY ,gray,navy,"5,965", 20/07/11 ,"259,000",2020.11.12,254000,254000,254000,220000,NewBalance,NewBalance,low,1.0,NM,0.0,0.0,0.0,0.0,0.0,0.0
(WW)New Balance x Staud 327 Sea Salt Atlantic, MS327SZ , SEA SALT/ATLANTIC ,ivory,beige,791, 21/06/24 ,"179,600",2021.7.14,149000,149000,148000,142000,NewBalance,NewBalance,low,1.0,NM,0.0,0.0,1.0,0.0,0.0,0.0
(WW)Converse x Off-White Chuck 70 High V2 2021, 163862C , WHITE/BOLD ORANGE-BLACK ,white,white,"4,185", 21/04/16 ,"180,000",2021.4.17,499500,499500,499500,320000,Converse,OffWhite,high,1.0,0.0,0.0,0.0,1.0,0.0,0.0,0.0
(WW)Nike x Off-White Air Rubber Dunk University Gold, CU6015-700 , UNIVERSITY GOLD/UNIVERSITY GOLD-BLACK ,gold,gold,"3,021", 20/10/01 ,"229,000",2020.10.1,372000,338333,343000,240000,Nike,OffWhite,low,1.0,0.0,0.0,0.0,1.0,0.0,0.0,0.0
(WW)Nike x Off-White Air Zoom Tempo Next% Black, CV0697-001 , BLACK/WHITE-SCREAM GREEN ,black,black,"1,635", 21/07/23 ,"309,000",2021.7.22,700000,460000,425000,319000,Nike,OffWhite,low,1.0,0.0,0.0,0.0,1.0,0.0,0.0,0.0
(WW)Nike x Off-White Air Zoom Tempo Next% Pink Glow, CV0697-400 , RACER BLUE/BLACK-PINK GLOW-WHITE ,pink,pink,502, 21/07/23 ,"309,000",2021.7.23,400000,359667,320000,269000,Nike,OffWhite,low,1.0,0.0,0.0,0.0,1.0,0.0,0.0,0.0
(WW)Nike x Off-White Dunk Low The 50 - Lot 18, DJ0950-112 , SAIL/NEUTRAL GREY ,white,gray,"9,334", 21/08/09 ,"219,000",2021.8.9,1350000,1350000,1000000,835000,Nike,OffWhite,low,1.0,0.0,0.0,0.0,1.0,0.0,0.0,0.0
(WW)Nike x Off-White Dunk Low The 50 - Lot 46, DM1602-102 , SAIL/NEUTRAL GREY ,white,gray,"8,348", 21/08/16 ,"219,000",2021.8.17,606667,600000,690000,600000,Nike,OffWhite,low,1.0,0.0,0.0,0.0,1.0,0.0,0.0,0.0
(WW)Adidas Yeezy Boost 350 V2 Ash Stone, GW0089 , ASH STONE/ASH STONE/ASH STONE ,gray,pink,907, 21/02/27 ,"289,000",2021.2.27,333500,347500,350000,327083,Adidas,Yeezy,low,1.0,nm,0.0,0.0,0.0,0.0,0.0,0.0
(WW)Adidas Yeezy Boost 350 V2 Beluga - Reflective, GW1229 , BELUGA RF/STEEPLE GREY/SOLAR RED ,gray,red,"5,973", 21/12/18 ,"329,000",2021.12.17,475000,446417,439333,350000,Adidas,Yeezy,low,1.0,nm,0.0,0.0,0.0,0.0,0.0,0.0
(WW)Adidas Yeezy Boost 350 V2 Black Red 2020, CP9652 , CORE BLACK/CORE BLACK/RED ,black,black,"7,129", 20/12/05 ,"289,000",2020.12.4,470000,496250,468250,433333,Adidas,Yeezy,low,1.0,nm,0.0,0.0,0.0,0.0,0.0,0.0
(WW)Adidas Yeezy Boost 350 V2 Blue Tint, B37571 , BLUE TINT/GREY THREE/HIGH RISK RED ,white,gray,"6,819", 17/12/17 ,"299,000",2021.11.20,500000,500000,500000,317714,Adidas,Yeezy,low,1.0,nm,0.0,0.0,0.0,0.0,0.0,0.0
(WW)Adidas Yeezy Boost 350 V2 Carbon, FZ5000 , ASRIEL/ASRIEL/ASRIEL ,black,gray,"1,725", 20/10/02 ,"289,000",2020.10.2,372000,346000,348000,289000,Adidas,Yeezy,low,1.0,nm,0.0,0.0,0.0,0.0,0.0,0.0
(WW)Adidas Yeezy Boost 350 V2 Cinder, FY2903 , CINDER/CINDER/CINDER ,black,black,"1,867", 20/03/21 ,"289,000",2020.3.21,341500,340000,333000,321000,Adidas,Yeezy,low,1.0,nm,0.0,0.0,0.0,0.0,0.0,0.0
(WW)Adidas Yeezy Boost 350 V2 Light, GY3438 , LIGHT/LIGHT/LIGHT ,ivory,beige,"3,634", 21/08/28 ,"289,000",2021.8.30,374500,390000,397000,325000,Adidas,Yeezy,low,1.0,nm,0.0,0.0,0.0,0.0,0.0,0.0
(WW)Adidas Yeezy Boost 350 V2 Mono Clay, GW2870 , MONO CLAY/MONO CLAY/MONO CLAY ,sand,orange,598, 21/06/18 ,"289,000",2021.6.18,290400,278000,287000,200000,Adidas,Yeezy,low,1.0,nm,0.0,0.0,0.0,0.0,0.0,0.0
(WW)Adidas Yeezy Boost 350 V2 MX Oat, GW3773 , MX OAT/MX OAT/MX OAT ,sand,mix,"2,203", 21/10/23 ,"289,000",2021.10.22,340000,305667,294500,209000,Adidas,Yeezy,low,1.0,nm,0.0,0.0,0.0,0.0,0.0,0.0
(WW)Adidas Yeezy Boost 350 V2 MX Rock, GW3774 , MX ROCK/MX ROCK/MX ROCK ,black,black,"1,691", 21/12/22 ,"299,000",2021.12.22,309000,291000,291000,240000,Adidas,Yeezy,low,1.0,nm,0.0,0.0,0.0,0.0,0.0,0.0
(WW)Adidas Yeezy Boost 350 V2 Natural,FZ5246,ABEZ/ABEZ/ABEZ,white,beige,"1,157", 20/10/24 ,"289,000",2020.10.24,416750,416750,452000,401364,Adidas,Yeezy,low,1.0,nm,0.0,0.0,0.0,0.0,0.0,0.0
(WW)Adidas Yeezy Boost 350 V2 Sand Taupe, FZ5240 , SAND TAUPE ,sand,sand,406, 20/12/19 ,"289,000",2020.12.20,300000,328750,336333,300000,Adidas,Yeezy,low,1.0,nm,0.0,0.0,0.0,0.0,0.0,0.0
(WW)Adidas Yeezy Boost 350 V2 Zyon, FZ1267 , ZYON/ZYON/ZYON ,beige,black,"3,349", 20/07/18 ,"289,000",2020.7.17,360000,339333,336333,315500,Adidas,Yeezy,low,1.0,nm,0.0,0.0,0.0,0.0,0.0,0.0
Adidas Yeezy Boost 350 V2 Ash Pearl, GY7658 , ASH PEARL/ASH PEARL/ASH PEARL ,beige,beige,"1,441", 21/03/20 ,"289,000",2021.3.19,330000,324640,331400,289000,Adidas,Yeezy,low,0.0,NM,0.0,0.0,0.0,0.0,0.0,0.0
Adidas Yeezy Boost 350 V2 Ash Stone, GW0089 , ASH STONE/ASH STONE/ASH STONE ,gray,pink,907, 21/02/27 ,"289,000",2021.2.27,295846,304333,314500,281000,Adidas,Yeezy,low,0.0,NM,0.0,0.0,0.0,0.0,0.0,0.0
Adidas Yeezy Boost 350 V2 Beluga - Reflective, GW1229 , BELUGA RF/STEEPLE GREY/SOLAR RED ,gray,red,"5,973", 21/12/18 ,"329,000",2021.12.15,606625,585857,563455,492760,Adidas,Yeezy,low,0.0,NM,0.0,0.0,0.0,0.0,0.0,0.0
Adidas Yeezy Boost 350 V2 Black - Non-Reflective, FU9006 , BLACK/BLACK/BLACK ,black,black,"2,458", 19/06/08 ,"289,000",2020.1.30,400000,400000,400000,400000,Adidas,Yeezy,low,0.0,NM,0.0,0.0,0.0,0.0,0.0,0.0
Adidas Yeezy Boost 350 V2 Black Red 2020, CP9652 , CORE BLACK/CORE BLACK/RED ,black,black,"7,129", 20/12/05 ,"289,000",2020.12.4,556200,528029,493317,474247,Adidas,Yeezy,low,0.0,NM,0.0,0.0,0.0,0.0,0.0,0.0
Adidas Yeezy Boost 350 V2 Carbon, FZ5000 , ASRIEL/ASRIEL/ASRIEL ,black,gray,"1,725", 20/10/02 ,"289,000",2020.10.1,316000,295474,303571,255500,Adidas,Yeezy,low,0.0,NM,0.0,0.0,0.0,0.0,0.0,0.0
Adidas Yeezy Boost 350 V2 Cinder, FY2903 , CINDER/CINDER/CINDER ,black,black,"1,867", 20/03/21 ,"289,000",2020.3.21,355625,365800,354167,324000,Adidas,Yeezy,low,0.0,NM,0.0,0.0,0.0,0.0,0.0,0.0
Adidas Yeezy Boost 350 V2 Cinder - Reflective, FY4176 , CINDER/CINDER/CINDER ,gray,black,435, 20/04/04 ,"299,300",2020.4.17,464500,451000,451000,450500,Adidas,Yeezy,low,0.0,NM,0.0,0.0,0.0,0.0,0.0,0.0
Adidas Yeezy Boost 350 V2 Desert Sage, FX9035 , DESERT SAGE ,green,gray,717, 20/03/14 ,"289,000",2020.3.16,289500,283500,289000,252000,Adidas,Yeezy,low,0.0,NM,0.0,0.0,0.0,0.0,0.0,0.0
Adidas Yeezy Boost 350 V2 Fade, H02795 , FADE/FADE/FADE ,pink,blue,765, 20/11/11 ,"289,000",2020.11.11,277000,273000,259000,244500,Adidas,Yeezy,low,0.0,NM,0.0,0.0,0.0,0.0,0.0,0.0
Adidas Yeezy Boost 350 V2 Israfil, FZ5421 , ISRAFIL/ISRAFIL/ISRAFIL ,gray,sand,"1,628", 20/08/22 ,"289,000",2020.8.22,290400,286889,275074,274150,Adidas,Yeezy,low,0.0,NM,0.0,0.0,0.0,0.0,0.0,0.0
Adidas Yeezy Boost 350 V2 Light, GY3438 , LIGHT/LIGHT/LIGHT ,ivory,beige,"3,634", 21/08/28 ,"289,000",2021.8.27,498000,407250,428500,315000,Adidas,Yeezy,low,0.0,NM,0.0,0.0,0.0,0.0,0.0,0.0
Adidas Yeezy Boost 350 V2 Mono Clay, GW2870 , MONO CLAY/MONO CLAY/MONO CLAY ,sand,orange,598, 21/06/18 ,"289,000",2021.6.18,286000,287600,287600,200000,Adidas,Yeezy,low,0.0,NM,0.0,0.0,0.0,0.0,0.0,0.0
Adidas Yeezy Boost 350 V2 MX Oat, GW3773 , MX OAT/MX OAT/MX OAT ,sand,mix,"2,203", 21/10/23 ,"289,000",2021.10.22,338000,309412,307000,275000,Adidas,Yeezy,low,0.0,NM,0.0,0.0,0.0,0.0,0.0,0.0
Adidas Yeezy Boost 350 V2 MX Rock, GW3774 , MX ROCK/MX ROCK/MX ROCK ,black,black,"1,691", 21/12/22 ,"299,000",2021.12.22,322756,305429,295333,262500,Adidas,Yeezy,low,0.0,NM,0.0,0.0,0.0,0.0,0.0,0.0
Adidas Yeezy Boost 350 V2 Sand Taupe, FZ5240 , SAND TAUPE ,sand,sand,406, 20/12/19 ,"289,000",2020.12.19,293333,287000,279750,245000,Adidas,Yeezy,low,0.0,NM,0.0,0.0,0.0,0.0,0.0,0.0
Adidas Yeezy Boost 350 V2 Zebra, CP9654 , WHITE/CORE BLACK/RED ,white,black,"7,278", 17/02/26 ,"289,000",2020.2.6,429000,429000,429000,429000,Adidas,Yeezy,low,0.0,NM,0.0,0.0,0.0,0.0,0.0,0.0
Adidas Yeezy Boost 350 V2 Zyon, FZ1267 , ZYON/ZYON/ZYON ,beige,black,"3,349", 20/07/18 ,"289,000",2020.7.18,338459,340545,330356,281000,Adidas,Yeezy,low,0.0,NM,0.0,0.0,0.0,0.0,0.0,0.0
Adidas Yeezy Boost 380 Alien Blue - Reflective, GW0304 , ALIEN BLUE RF/ALIEN BLUE RF/ALIEN BLUE RF ,white,blue,"1,130", 21/05/31 ,"299,000",2021.5.31,295684,287833,279600,260000,Adidas,Yeezy,low,0.0,NM,0.0,0.0,0.0,0.0,0.0,0.0
Adidas Yeezy Boost 380 Blue Oat - Non-Reflective, Q47306 , BLUE OAT/BLUE OAT/BLUE OAT ,brown,blue,224, 20/07/25 ,"299,000",2020.7.25,291250,291250,291250,240000,Adidas,Yeezy,low,0.0,NM,0.0,0.0,0.0,0.0,0.0,0.0
Adidas Yeezy Boost 380 Calcite Glow, GZ8668 , CALGLO/CALGLO/CALGLO ,white,gray,"1,882", 20/10/31 ,"329,000",2020.10.31,334036,345000,336294,296750,Adidas,Yeezy,low,0.0,NM,0.0,0.0,0.0,0.0,0.0,0.0
Adidas Yeezy Boost 380 Mist - Non-Reflective, FX9764 , MIST/MIST/MIST ,gray,sand,705, 20/03/25 ,"299,000",2020.3.25,322273,305900,297600,261000,Adidas,Yeezy,low,0.0,NM,0.0,0.0,0.0,0.0,0.0,0.0
Adidas Yeezy Boost 380 Onyx - Non-Reflective, FZ1270 , ONYX/ONYX/ONYX ,black,brown,566, 20/11/28 ,"299,000",2020.11.29,263000,270000,270000,221000,Adidas,Yeezy,low,0.0,NM,0.0,0.0,0.0,0.0,0.0,0.0
Adidas Yeezy Boost 380 Pepper - Non-Reflective, FZ1269 , PEPPER/PEPPER/PEPPER ,white,sand,606, 20/09/12 ,"299,000",2020.9.12,282500,270000,266667,200000,Adidas,Yeezy,low,0.0,NM,0.0,0.0,0.0,0.0,0.0,0.0
Adidas Yeezy Boost 380 Yecoraite - Reflective, GY2649 , YECORAITE RF/YECORAITE RF/YECORAITE RF ,white,sand,762, 21/01/16 ,"299,000",2021.1.18,299000,299000,299000,284000,Adidas,Yeezy,low,0.0,NM,0.0,0.0,0.0,0.0,0.0,0.0
Adidas Yeezy 450 Cloud White, H68038 , CLOUD WHITE/CLOUD WHITE ,white,beige,"1,436", 21/03/06 ,"269,000",2021.3.6,500000,519500,491600,491600,Adidas,Yeezy,low,0.0,NM,0.0,0.0,0.0,0.0,0.0,0.0
Adidas Yeezy 450 Dark Slate, GY5368 , DARK SLATE/DARK SLATE/DARK SLATE ,black,black,948, 21/06/26 ,"269,000",2021.6.26,362000,367000,328250,250000,Adidas,Yeezy,low,0.0,NM,0.0,0.0,0.0,0.0,0.0,0.0
Adidas Yeezy 500 Ash Grey, GX3607 , ASH GREY/ASH GREY/ASH GREY ,gray,gray,"2,594", 21/12/04 ,"269,000",2021.12.4,323636,330333,315143,265167,Adidas,Yeezy,low,0.0,NM,0.0,0.0,0.0,0.0,0.0,0.0
Adidas Yeezy 500 Clay Brown, GX3606 , CLAY BROWN/CLAY BROWN/CLAY BROWN ,brown,brown,856, 21/10/30 ,"249,000",2021.10.30,282263,275667,269250,243500,Adidas,Yeezy,low,0.0,NM,0.0,0.0,0.0,0.0,0.0,0.0
Adidas Yeezy 500 Enflame, GZ5541 , ENFLAME/ENFLAME/ENFLAME ,mix,orange,379, 21/05/08 ,"249,000",2021.5.8,257000,266500,244636,230500,Adidas,Yeezy,low,0.0,NM,0.0,0.0,0.0,0.0,0.0,0.0
Adidas Yeezy 500 Salt, EE7287 , SALT/SALT/SALT ,white,ivory,"1,798", 18/12/01 ,"239,400",2020.5.9,340000,340000,340000,320000,Adidas,Yeezy,low,0.0,NM,0.0,0.0,0.0,0.0,0.0,0.0
Adidas Yeezy 500 Taupe Light, GX3605 , TAUPE LIGHT/TAUPE LIGHT/TAUPE LIGHT ,beige,beige,"2,555", 21/06/05 ,"249,000",2021.6.5,348273,338300,321176,294667,Adidas,Yeezy,low,0.0,NM,0.0,0.0,0.0,0.0,0.0,0.0
Adidas Yeezy 700 V3 Alvah, H67799 , ALVAH ,black,black,"1,260", 20/04/11 ,"249,000",2020.4.11,500000,493333,464619,403000,Adidas,Yeezy,low,0.0,NM,0.0,0.0,0.0,0.0,0.0,0.0
Adidas Yeezy 700 V3 Arzareth, G54850 , ARZARETH/ARZARETH-ARZARETH ,blue,blue,680, 20/08/29 ,"269,000",2020.8.29,454750,460429,446941,343667,Adidas,Yeezy,low,0.0,NM,0.0,0.0,0.0,0.0,0.0,0.0
Adidas Yeezy 700 V3 Clay Brown, GY0189 , CLAY BROWN ,gray,brown,871, 20/12/21 ,"269,000",2020.12.21,307545,302444,284455,250000,Adidas,Yeezy,low,0.0,NM,0.0,0.0,0.0,0.0,0.0,0.0
Adidas Yeezy 700 V3 Dark Glow, GX6144 , DARK GLOW/DARK GLOW/DARK GLOW ,gray,black,528, 21/08/02 ,"239,400",2021.8.14,269000,269000,269000,236000,Adidas,Yeezy,low,0.0,NM,0.0,0.0,0.0,0.0,0.0,0.0
Adidas Yeezy 700 V3 Kyanite, GY0260 , KYANITE/KYANITE/KYANITE ,white,blue,"2,442", 21/03/25 ,"269,000",2021.3.24,400000,380750,294682,260000,Adidas,Yeezy,low,0.0,NM,0.0,0.0,0.0,0.0,0.0,0.0
Adidas Yeezy 700 V3 Safflower, G54853 , SAFFLOWER/SAFFLOWER/SAFFLOWER ,white,yellow,871, 20/11/14 ,"269,000",2020.11.13,350000,351250,328250,292250,Adidas,Yeezy,low,0.0,NM,0.0,0.0,0.0,0.0,0.0,0.0
Adidas Yeezy Boost 700 Bright Blue, GZ0541 , BRIGHT BLUE/BRIGHT BLUE/BRIGHT BLUE ,blue,orange,293, 21/04/24 ,"309,000",2021.4.24,377667,350000,334500,266000,Adidas,Yeezy,low,0.0,NM,0.0,0.0,0.0,0.0,0.0,0.0
Adidas Yeezy Boost 700 Enflame Amber, GW0297 , ENFLAME AMBER/ENFLAME AMBER/ENFLAME AMBER ,beige,sand,574, 21/06/11 ,"309,000",2021.6.11,323875,312750,301000,250000,Adidas,Yeezy,low,0.0,NM,0.0,0.0,0.0,0.0,0.0,0.0
Adidas Yeezy Boost 700 MNVN Triple Black, FV4440 , BLACK/BLACK/BLACK ,black,black,764, 20/05/23 ,"289,000",2020.4.19,420000,420000,420000,353667,Adidas,Yeezy,low,0.0,NM,0.0,0.0,0.0,0.0,0.0,0.0
Adidas Yeezy Boost 700 V2 Cream, GY7924 , CREAM/CREAM-CREAM ,ivory,ivory,"2,647", 21/03/13 ,"309,000",2021.3.12,622000,642000,679000,464000,Adidas,Yeezy,low,0.0,NM,0.0,0.0,0.0,0.0,0.0,0.0
Adidas Yeezy Boost 700 V2 Mauve, GZ0724 , MAUVE/MAUVE/MAUVE ,gray,gray,751, 21/09/25 ,"309,000",2021.9.25,344455,343667,329760,314000,Adidas,Yeezy,low,0.0,NM,0.0,0.0,0.0,0.0,0.0,0.0
Adidas Yeezy Boost 700 Wash Orange, GW0296 , WASH ORANGE/WASH ORANGE/WASH ORANGE ,blue,orange,362, 21/10/15 ,"309,000",2021.10.16,324500,319000,319000,245000,Adidas,Yeezy,low,0.0,NM,0.0,0.0,0.0,0.0,0.0,0.0
Adidas Yeezy QNTM Barium, H68771 , BARIUM/BARIUM/BARIUM ,beige,black,800, 20/06/25 ,"329,000",2020.6.25,542600,485118,525455,426000,Adidas,Yeezy,low,0.0,NM,0.0,0.0,0.0,0.0,0.0,0.0
Adidas Yeezy QNTM Lifestyle, Q46473 , QNTM ,black,black,"1,294", 20/09/05 ,"329,000",2020.6.8,1250000,1250000,1250000,411000,Adidas,Yeezy,low,0.0,NM,0.0,0.0,0.0,0.0,0.0,0.0
Adidas Yeezy QNTM Onyx, GX1317 , ONYX/ONYX/ONYX ,gray,black,425, 21/09/10 ,"355,100",2021.9.10,375000,330000,330000,200000,Adidas,Yeezy,low,0.0,NM,0.0,0.0,0.0,0.0,0.0,0.0
